Acerbi_J	Giuseppe Acerbi?! Joseph Acerbi?! Signor Acerbi	traveller?! literary?! naturalist?! composer	http://viaf.org/viaf/12433231
Adams_GP	George Pownoll Adams General Sir Knight Commander of Hanover (KCH)?! General Sir George Pownoll Adams, KCH	military	
Addison_Joseph	Joseph Addison?! Addison Joseph	writer?! politician	
Adolphus_JL	John Leycester Adolphus Adolphus John Leycester	legal?! literary	http://viaf.org/viaf/15130330
Aeschylus	Aeschylus	playwright	http://viaf.org/viaf/268526195
Ainsworth	Ainsworth William Harrison	literary?! novelist?! journalist	http://viaf.org/viaf/46894596
Albert_SaxeCbrg	Prince Albert of Saxe-Coburg and Gotha?! Albert Prince Consort?! Francis Albert Augustus Charles Emmanuel House of Saxe-Coburg and Gotha		http://viaf.org/viaf/25395950
Alexander_I_Rus	Alexander I?! Pavlovich Aleksandr	ruler	
Alfieri_Vittorio	Alfieri Vittorio Count	playwright?! literary	http://viaf.org/viaf/39389587
Alfred	Alfred?! Alfred the Great?! King of England		http://viaf.org/viaf/10639246
Allan_SrWm	Sir William Allan Allan William Sir	artist	http://viaf.org/viaf/74124260
Anacreon	Anacreon	literary?! poet	http://viaf.org/viaf/100165204
Anne	Anne		
Annesley_Francis	Annesley Francis	educator?! politian	
Antony	Mark Antony?! Antony Mark?! Marcus Antonius		http://viaf.org/viaf/88759462/
Ariosto	Ludovico Arisoto	literary?! poet?! playwright?! courtier?! diplomat	 http://viaf.org/viaf/71386455
Ashburton_Lord	Baring Alexander First Baron Ashburton		http://viaf.org/viaf/62290490
Aubrey_John	John Aubrey	literary?! antiquarian	http://viaf.org/viaf/71386625
Austen_Jane	Jane Austen	literary?! novelist	http://viaf.org/viaf/102333412
Bacon	Francis Bacon?! Sir Francis Bacon?! Viscount St. Alban?! knight?! Attorney General of England and Wales?! Lord Chancellor of England	philosopher?! politician?! legal?! literary?! orator?! naturalist	http://viaf.org/viaf/31992319
Baillie_Joanna	Baillie Joanna	literary	http://viaf.org/viaf/56750310
Baldwin_R	Robert Baldwin	printer?! bookseller?! publisher	
Bannister_Jack	Bannister John Jack	actor?! theater manager	http://viaf.org/viaf/4054420
Barrett_E	Barrett Browning Barrett Moulton-Barrett Elizabeth?! Elizabeth Barrett?! Elizabeth Barrett Browning	literary?! poet	http://viaf.org/viaf/66464493
Barrie_JM	Barrie James Matthew Sir?! 1st Baronet of Adlephi Terrace Order of Merit Rector of the University of St. Andrews Chancellor of the University of Edinburgh	literary?! playwright?! novelist?! journalist	http://viaf.org/viaf/64001320
Barrow_John	Sir John Barrow?! Barrow John	explorer?! author	
Bayley_Mrs	Mrs. Bayley		
Bayley_P	Peter Bayley?! Peter Bayley	legal?! literary?! playwright?! poet	http://viaf.org/viaf/3828982
Beaumont_Fr	Beaumont Francis	literary?! playwright?! poet	http://viaf.org/viaf/49333217
Beaumont_Sir_Geo	Beaumont George Howland Sir Seventh Baronet member of Parliament for Bere Alston	amateur painter?! art collector	http://viaf.org/viaf/69726932
Beechey_W	William Beechey?! Sir William Beechey?! Member of the Royal Academy	artist	http://viaf.org/viaf/74124605
Bell_Geo	Bell George	literary?! publisher?! bookseller?! editor	
Bellamy_John	John Bellamy	translator	
Bennet_G	The Honourable Henry Grey Bennet?! Bennet Henry Grey?! Member of Parliament for Shrewsbury Fellow of the Royal Society Fellow of the Royal Geographic Society?! Grey Bennet	government?! military?! legal	http://viaf.org/viaf/45836983
Bennett_GJ	Bennett George John	actor	http://viaf.org/viaf/35287522
Bennett_Wm_Cox	Bennett William Cox?! William Cox Bennett	literary?! watchmaker?! journalist	http://viaf.org/viaf/23500401
Bennoch_Fr	Bennoch Francis Esq.	literary patron?! poet?! merchant	http://viaf.org/viaf/70492830
Bentley_R	Bentley Richard	literary?! publisher?! printer	http://viaf.org/viaf/30279325
Berengaria	Berengaria of Navarre Queen Consort of England		http://viaf.org/viaf/265117591
Beresford_James	James Beresford	literary?! clergyman	http://viaf.org/viaf/60258142
Berghem	Berchem Berghem Nicholaes Pieterszoon	artist?! painter?! printmaker	http://viaf.org/viaf/19951005
Bess_of_Hardwick	Elizabeth Hardwick Barley Cavendish St. Loe Talbot Countess of Shrewsbury?! Bess of Hardwick	courtier	http://viaf.org/viaf/5724328
Bewick_Thos	Thomas Bewick?! Thomas Bewick	artist?! wood engraver?! naturalist?! literary	http://viaf.org/viaf/2629144
Bewick_Wm	William Bewick?! William Bewick	artist?! portrait painter?! history painter	http://viaf.org/viaf/19317711
Bickerstaff_Is	Isaac John Bickerstaffe Bickerstaff	military?! literary	http://viaf.org/viaf/17259955
Bint_Hannah	Bint Hannah	unknown	
Birkbeck_M	Morris Birkbeck	literary?! politician?! agricultural experimenter?! pioneer	http://viaf.org/viaf/19849972
Blackwood_Wm	Blackwood William	literary?! publisher?! editor	http://viaf.org/viaf/71247984
Blake_Wm	William Blake	literary?! artist?! engraver	http://viaf.org/viaf/54144439
Body_Ann	Body Ann	farmer	
Body_Richard	Body Richard		
Bohn_GH	Bohn George Henry	literary?! publisher?! bookseller?! editor?! auctioneer	http://viaf.org/viaf/12688740
Bolinbroke	Henry St. John?! Lord Bolinbroke?! 1st Viscount Bolingbroke	politician	http://viaf.org/viaf/61539796
Booth_Mr	Booth		
Boswell	James Boswell?! 9th Laird of Auchinlek	literary	http://viaf.org/viaf/64002337
Bowles_Wm	Bowles William Lisle	clergy?! poet?! literary?! antiquarian	http://viaf.org/viaf/696177
Bradshaw_hist	John Bradshaw?! John Bradshaw Bradshawe	legal?! magistrate	http://viaf.org/viaf/58025849
Brent_George	Brent George	innkeeper Three Mile Cross George and Dragon	
Brent_Joel	Brent Joel	possibly beer retailer	
Brent_Lizzy	Brent Eliza?! Brent Lizzy		
Broghill	Roger Boyle, Lord Broghill?! Roger Boyle Lord Broghill Baron Boyle of Broghill 1st Earl of Orrerey member of Parliament for Arundel	playwright?! literary?! military?! political	http://viaf.org/viaf/73979816
Bromley_William	Bromley William	baker?! shopkeeper in Three Mile Cross	
Bronte_E	Bronte Emily Jane	literary?! poet?! novelist?! governess	http://viaf.org/viaf/97097302
Brooke_Miss	Miss Brooke Brooke		
Brougham_H	Henry Peter Brougham?! 1st Baron Brougham and Vaux?! Lord Chancellor	legal?! political	http://viaf.org/viaf/334592194
Broughton_Betsy	Betsy Broughton		
Brown_Benjamin	Brown Benjamin	blacksmith?! postmaster at Three Mile Cross	
Brown_Thos	Browne Thomas	medical?! literary	http://viaf.org/viaf/61539796
Browning_Rob	Robert Browning		http://viaf.org/viaf/24598774
Bruce_James	James Bruce of Kinnaird?! Bruce James	Traveller in Africa	
Brumoy_Pierre	Brumoy Pierre Father	clergy?! literary	http://viaf.org/viaf/24624020
Brunton_Alexander	Alexander Brunton?! Minister, Church of Scotland?! Moderator of the General Assembly, Church of Scotland?! Professor of Hebrew and Oriental Languages, University of Edinburgh?! Professor Very Reverend Alexander Brunton, D.D.	clergy?! scholar	
Brunton_Mary	Mary Balfour Brunton	literary	http://viaf.org/viaf/34532515
Brutus	Marcus Junius Brutus	assassin?! rebel?! republican?! senator?! politician?! military?! orator	http://viaf.org/viaf/63975332
Bulley_F	Frederick Bulley?! Bulley Frederick	academic	http://viaf.org/viaf/41568341
Bullock_Wm	Bullock William	naturalist?! antiquarian?! goldsmith?! jeweller?! traveller?! museum curator	http://viaf.org/viaf/17052870
Bulwer_Lytton	Bulwer-Lytton Edward George Earle?! 1st Baron Lytton of Knebworth Member of Parliament Rector of the University of Glasgow	literary?! novelist?! poet?! playwright?! politician	http://viaf.org/viaf/99871326
Burdett_F	Sir Francis Burdett?! Burdett Francis Sir 5th Baronet of Bramcote member of Parliament	government?! politician	http://viaf.org/viaf/75338116
Burgess	Mr. Burgess		
Burke_E	Edmund Burke	literary?! politician	http://viaf.org/viaf/100173535
Burney_F	Frances Burney?! Madamed’Arblay	literary	http://viaf.org/viaf/95297439
Burney_SH	Sarah Harriet Burney?! Miss Burney	literary	http://viaf.org/viaf/30359830
Burns_Rob	Robert Burns	literary?! poet?! tax collector?! farmer	http://viaf.org/viaf/32012434
Butler_Mr	Butler	merchant	
Butler_Sam	Samuel Butler	literary	http://viaf.org/viaf/64028293
Byron	Byron George Gordon Noel sixth Baron Byron	literary	http://viaf.org/viaf/95230688
Byron_Annab	Annabella Anne Isabella Milbanke Noel Byron?! Baroness Byron?! Baroness Wentworth?! Baroness Noel-Byron?! A. I. Noel Byron		http://viaf.org/viaf/67258879
Campbell_Thos	Thomas Campbell		http://viaf.org/viaf/39510901
Canning_George	George Canning?! George Canning?! Member of Parliament Prime Minister of the United Kingdom Chancellor of the Exchequer Secretary of State for Foreign Affairs Leader of the House of Commons President of the Board of Control Leader of the House of Commons Treasurer of the Navy	politician?! ambassador?! orator	http://viaf.org/viaf/7443935
Cartwright_Maj	John Cartwright?! ?! Royal Navy officer?! Major, Nottinghamshire militia	political reformer?! military	http://viaf.org/viaf/15552299
Cassius	Gaius Cassius Longinus?! Longius Gaius Cassius		http://viaf.org/viaf/25397785
Castlereagh_RS	Robert Stewart Lord Castlereagh 2nd Marquess of Londonderry Secretary of State for Foreign Affairs Leader of the House of Commons Secretary of State for War and the Colonies President of the Board of Control Chief Secretary for Ireland	politician	http://viaf.org/viaf/15560591
Cervantes	MigueldeCervantes Saavedra?! Don Miguel de Cervantes Saavedra	literary?! military?! tax collector	http://viaf.org/viaf/17220427
Chalmers_Alex	Alexander Chalmers	literary	http://viaf.org/viaf/20543801
Chantrey_F	Francis Legatt Chantrey	artist?! sculptor	http://viaf.org/viaf/121983436
CharlesSpencer	Charles Spencer?! Charles Spencer	critic	
Chas_SpencerChurchill	Charles Spencer-Churchill?! Lord Charles Spencer-Churchill?! Member of Parliament	military?! politician	
ChasI	Charles Stuart Charles I King of England, Scotland, France and Ireland, Defender of the Faith, etc.	king	http://viaf.org/viaf/67750325
ChasII	Charles Stuart?! Charles II King of England, Scotland, France and Ireland, Defender of the Faith, etc.	king	http:http://viaf.org/viaf/3265477
Chatfield_Mr	Edward Chatfield?! Edward Chatfield	painter and author	http://viaf.org/viaf/96130441
Chaucer	Geoffrey Chaucer	literary?! philosopher?! astronomer	http://viaf.org/viaf/100185203
Chorley_HF	Chorley Fothergill Henry	literary?! journalist?! music critic	http://viaf.org/viaf/56757298
Christie_JH	Jonathan Henry Christie John Henry Christie	literary	
Clargo_Meremoth	Meremoth? Clargo?	shopkeeper	
Clarke_ED	Edward Daniel Clarke?! Dr. Clarke?! Professor of Mineralogy at Cambridge University	traveller?! literary?! naturalist	http://viaf.org/viaf/15552626
Clarke_William	Clarke William	baker?! shopkeeper at Three Mile Cross	
Clement6_Pope	Pope Clement 6?! Roger Pierre	religion	
Cobbett_Wm	Member of Parliament for Oldham		http://viaf.org/viaf/101963169
Coffin_Mrs	Mrs.Coffin		
Colburn	Colburn Henry	publisher?! editor	http://viaf.org/viaf/90644401
Colburn_H	Colburn Henry	literary?! publisher?! bookseller	http://viaf.org/viaf/90644401
Coleridge_ST	Coleridge Samuel Taylor	literary	http://viaf.org/viaf/24599809
Collins_little	Collins Thomas "little Collins"	actor	http://viaf.org/viaf/78974331
Collins_Wm	William Collins	literary?! poet	http://viaf.org/viaf/79091605
Colman_the_Elder	George Colman the Elder?! George Coleman George Colman the Elder	literary?! playwright?! essayist?! theater manager	http://viaf.org/viaf/76330307
Colman_the_Younger	Colman George the Younger the licenser		http://viaf.org/viaf/30345422
Congreve_Wm	Congreve William	literary?! playwright?! poet	http://viaf.org/viaf/24616924
Cook_CaptJ	James Cook?! Cook James Captain	navigator?! cartographer?! captain	 http://viaf.org/viaf/31994819
Cooper_Mr	Cooper		
Corneille	Corneille Pierre	literary?! playwright	http://viaf.org/viaf/41838293
Cosway_Rich	Richard Cosway?! Cosway Richard member of the Royal Academy	artist?! painter?! miniaturist	
Coutts_HM	Harriot Mellon Coutts Beauclerk,Duchess of St. Albans	actor?! banking	http://viaf.org/viaf/45757542
Coutts_T	Thomas Coutts	banking	http://viaf.org/viaf/48221153
Cowley_H	Hannah Cowley?! Parkhouse Cowley Hannah	literary?! playwright?! poet	http://viaf.org/viaf/34730405
Cowper	William Cowper	literary	http://viaf.org/viaf/32009788
Cowslade_F	Francis Cowslade Frank?! Frank Cowslade		
Coxe_Wm	William Coxe Master of Arts Fellow of the Royal Society Fellow of the Society of Antiquaries Archdeacon of Wilts	clergy?! historian	http://viaf.org/viaf/9856822
Cripps_JM	John Marten Cripps	traveller?! antiquary	http://viaf.org/viaf/31522761
Croker_JW	John Wilson Croker?! Member of Parliament	literary?! politician	http://viaf.org/viaf/51766984
Croly_G	George Croly	literary?! clergy	http://viaf.org/viaf/17268011
Cromwell	Cromwell Oliver?! Lord Protector of the Commonwealth of England, Scotland, and Ireland Member of Parliament for Cambridge Member of Parliament for Huntingdon	military?! government?! political	http://viaf.org/viaf/34498004
Cromwell_Hen	Henry Cromwell Henry Cromwell?! Lord Lieutenant of Ireland Chancellor of Trinity College, Dublin	military?! political	http://viaf.org/viaf/7276701
Cropp_Mrs	Cropp Elizabeth?! Croppy		
Crowther_Mr	Mr. Crowther		
Culpepper_Mr	William Alleyne Culpeper?! William Alleyne Culpeper		
Culpepper_Mrs	Martha Carteretta Cornelia Valpy Straker Culpeper?! Valpy Straker Culpeper Martha Carteretta Cornelia?! Mrs. Culpepper		
Cumberland_J	Cumberland John	literary?! publisher?! editor	http://viaf.org/viaf/78373314
Cumberland_Rich	Cumberland Richard	literary?! playwright?! civil servant?! diplomat	http://viaf.org/viaf/76451457
d_Aubigné_Françoise	d’Aubigné Françoise Marquise de Maintenon Madame Scarron	political?! courtier?! philanthropist?! educator	http://viaf.org/viaf/95293754
Dallas_RC	R.C. Dallas?! Dallas Robert Charles Sir PC (Her Majesty’s Most Honourable Privy Council) SL (Serjeant-at-Law) KC (King’s Counsel) MP (Member of Parliament)	literary?! biographer?! editor?! translator?! legal?! judge	http://viaf.org/viaf/25774123
Dante	DurantedegliAlighieri?! Dante?! Dante Alighieri	literary?! military?! political	http://viaf.org/viaf/97105654
Daphne_pet	Daphne		
Davenport_MA	Harvey Davenport Mary Ann	actor?! singer	http://viaf.org/viaf/63569766
Davie_William	Davie William Three Mile Cross	beer retailer?! butcher	
de_Chaboulon	Pierre Alexandre Édouard Fleury deChaboulon	political	http://viaf.org/viaf/44411886
Defoe_D	Daniel Defoe	literary	http://viaf.org/viaf/39375774
deGenlis_Mme	Stéphanie Félicité de Genlis?! Stéphanie Félicité du Crest de Saint-Aubin?! Comtesse de Genlis?! Madame de Genlis	literary?! educator	http://viaf.org/viaf/71391471
DeJoinville	Jean de Joinville?! Jean de Joinville?! knight	literary	http://viaf.org/viaf/59191609/
Dekker_Thos	Dekker Thomas	literary?! playwright?! journalist	http://viaf.org/viaf/39402413
delaMotte_F	Freidrich de la Motte?! Friedrich Heinrich Karl de la Motte?! Baron Fouqué	literary	http://viaf.org/viaf/44298932
DeQuincey_Thos	de Quincey Thomas	literary?! journalist	http://viaf.org/viaf/14768427
deStael	Germaine de Staël?! Anne Louise Germaine Necker de Staël-Holstein?! Madame de Staël	literary	http://viaf.org/viaf/89204033
Dibdin_TJ	Thomas John Dibdin?! Dibdin Thomas John	literary?! playwright?! songwriter?! actor?! theatrical production designer	http://viaf.org/viaf/69673002
Dickens	Dickens Charles John Huffam	literary?! editor?! novelist?! journalist?! essayist?! lecturer	http://viaf.org/viaf/88666393
Dickinson_Charles	Dickinson Charles?! Mr. Dickinson		
Dickinson_Daughter	Dickinson Frances Vikris		
Dickinson_Grandmama	Grandmama Dickinson		
Dickinson_Mrs	Mrs. Dickinson?! Catherine Allingham Dickinson		
Dickinson_Nurse	Dickinson Nurse		
Dobbs_Mrs	Mrs. Dobbs?! Dobbs		
Doge_F_hist	Foscari Doge		
Donato_hist	Donato Senator		
Doria_Andrea	Andrea Doria?! Andrea Doria?! D’Oria	Condottiero?! admiral?! military	http://viaf.org/viaf/59091300
Drake_Nathan	Nathan Drake?! Dr. Drake?! Nathan Drake, M.D.	medical?! literary?! essayist	http://viaf.org/viaf/15551790
Drover_James	Drover James		
Drover_Miss	Drover		
Drover_Mr	Drover		
Drover_Mrs	Drover		
Drover_MrsJames	Drover		
Drummond_Wm	William Drummond?! Drummond William?! Drummond of Hawthornden	literary?! poet	http://viaf.org/viaf/6176613
Dryden	Dryden John	literary?! playwright	http://viaf.org/viaf/68937979
Duke_Montrose	James Graham, Marquess of Graham?! Graham James Marquess of Graham Duke of Montrose	political	http://viaf.org/viaf/51592900
Duke_of_Devonshire	William George Spencer Cavendish 6th Duke of Devonshire Marquess of Hartington Lord Chamberlain of the Household Licenser of Plays President of Royal Horticultural Society Lord Lieutenant of Derbyshire	politician?! courtier?! ambassador?! arts patron	http://viaf.org/viaf/25344590
Dukinfield_Mr	Dukinfield?! Henry Duckinfield		
Duncan_MR	Maria Rebecca Davison, née Duncan?! Davison Duncan Maria Rebecca?! Miss Duncan?! Mrs. Davison	actor	http://viaf.org/viaf/78999376
Dundas_C	Charles Dundas?! 1st Baron Amesbury?! Member of Parliament for Berkshire	politician	http://viaf.org/viaf/56481343
Edgeworth_Maria	Edgeworth Maria	literary?! educator	http://viaf.org/viaf/71477273
Elford_Eliz_da	Elizabeth Elford Adams		
Elford_Elizabeth	Elford Adams Elizabeth		
Elford_Grace	Grace Chard Elford?! Miss Elford		
Elford_J	Elford Jonathan?! Member of Parliament for Westbury	politician?! military	
Elford_MrsC	Charlotte Wynne Elford?! Mrs. Elford		
Elford_MrsE	Hall Walrond Elford Elizabeth?! Mrs. Elford		
Elford_MrsM	Elford Davies Mary?! Mrs. Elford		
Elford_SirWm	Sir William Elford?! Sir William Elford, F.R.S., F.L.S., M.P.?! Elford William Sir baronet Recorder for Plymouth Recorder for Totnes Member of Parliament for Plymouth Member of Parliament for Rye Fellow of the Royal Society (FRS) Fellow of the Linnaean Society (FLS)	legal?! banker?! politician?! military?! naturalist?! painter	http://viaf.org/viaf/6415021
ElizI	Elizabeth Tudor Queen Elizabeth I Queen of England, France and Ireland, Defender of the Faith, etc.		http://viaf.org/viaf/97107753
Ellis_Hen	Sir Henry Ellis?! Ellis Henry	diplomatist	
Elliston_Robt	Robert Elliston?! Elliston Robert William	actor?! theater manager	http://viaf.org/viaf/3833089/
Emery_John	Emery John	musician?! actor	http://viaf.org/viaf/63571188
Esther_Ozoro	Ozoro Esther?! Esther		
Euripides	Euripides	playwright?! literary	http://viaf.org/viaf/265326651
Fairfax_hist	Thomas Fairfax 3rd Lord Fairfax of Cameron Lord General of the New Model Army Member of Parliament for West Riding Member of Parliament for Yorkshire	politician?! military	http://viaf.org/viaf/74654593
Fawcett_John	Fawcett John?! Mr. Fawcett	actor?! literary?! playwright	http://viaf.org/viaf/51958044
Fearon_HB	Henry Bradshaw Fearon	literary?! medical?! traveller	
Ferdinand_I	Ferdinand I King of the Two Sicilies?! Ferdinand IV King of Naples King of Sicily	monarch	http://viaf.org/viaf/16073751
FerdinandVII	Ferdinand VII King of Spain King of Spain	monarch	http://viaf.org/viaf/286447916
Ferrier_Susan	Susan Edmonstone Ferrier	literary	http://viaf.org/viaf/64052998
Fielding_Henry	Fielding Henry?! Henry Fielding?! Scriblerus Secundus	literary	http://viaf.org/viaf/61545697
Fields_JT	Fields James Thomas	literary?! poet?! publisher?! editor	http://viaf.org/viaf/1254825
Fieschi_GL	Giovanni Luigi Fieschi Fiesco count of Lavagna		http://viaf.org/viaf/44439255
Finden_Ed	Finden Edward Francis	literary?! editor?! artist?! engraver?! printmaker	
Finden_Wm	Finden William	literary?! editor?! artist?! engraver?! printmaker	http://viaf.org/viaf/27339290
Fisher_John	John Fisher?! Bishop of Exeter?! Bishop of Salisbury	clergy	
Fitzharris	Fitzharris?! Mr. Fitzharris		
Fletcher_John	Fletcher John	literary?! playwright	http://viaf.org/viaf/12323361
Flush_pet	Flush		
Foote_Maria	Maria Foote?! Stanhope Foote Maria	actor	http://viaf.org/viaf/46598323
Foote_Samuel	Foote Samuel	literary?! playwright?! actor?! theater manager	http://viaf.org/viaf/29561715
Forbes_Capt	Captain Forbes	theatre proprietor?! military?! legal	
Ford_John	Ford John	literary?! playwright?! poet	http://viaf.org/viaf/44323561
Foscari_son_hist	Jacopo Foscari?! Foscari Jacopo		http://viaf.org/viaf/3833460
Fox_ChasJ	Charles James Fox The Honourable Member of Parliament Leader of the House of Commons secretary of State for Foreign Affairs	politician	http://viaf.org/viaf/39462521
Fox_HRV	Henry Richard Vassal Fox?! 3rd Baron Holland, of Holland?! 3rd Baron Holland, of Foxley, PC?! Right Honourable Lord Holland, PC		http://viaf.org/viaf/39462521
Frankland_Mrs	Mrs. Frankland?! Frankland		
Franklin_Ben	Benjamin Franklin	literary?! printer?! naturalist?! ambassador?! politician?! postmaster	http://viaf.org/viaf/56609913
Franklin_Eleanor	Porden Franklin Eleanor Anne	literary?! poet	http://viaf.org/viaf/62276884
Franklin_John	Sir John Franklin Royal Navy Fellow of the Royal Geographical Society Rear-Admiral Lieutenant-Governor of Van Dieman’s Land, now Tasmania	military?! traveller?! explorer?! government	http://viaf.org/viaf/75094584
Frere_JH	J.H. Frere?! Frere John Hookham?! Whistlecraft	diplomat?! literary?! editor	http://viaf.org/viaf/1141974
Froissart	Jean Froissart?! canon of Chimay, France	literary?! court historian?! clergy	http://viaf.org/viaf/100178580
Fuseli_H	Henry Fuseli?! Johann Heinrich Füssli	artist?! literary	http://viaf.org/viaf/53061
Fuseli_Sophia	Fuseli Rawlins Sophia		
Garrick_David	Garrick David	actor?! theater manager?! literary?! playwright	http://viaf.org/viaf/24563
Gaskell_Eliz	Gaskell Stevenson Elizabeth Cleghorn	literary?! biographer?! novelist	http://viaf.org/viaf/39377536
GastonII	Gaston II count of Foix		
GastonIII	Gaston III count of Foix?! Fébus		
Geo_SpencerChurchill	George Spencer-Churchill?! 6th Duke of Marlborough?! Member of Parliament?! Lord Lieutenant of Oxfordshire	patron of the arts?! politician	http://viaf.org/viaf/93700565
GeoIII	George III?! George William Frederick King of Great Britain and King of Ireland King of the United Kingdom of Great Britain and Ireland		http://viaf.org/viaf/49264990
GeoIV	George IV?! King of the United Kingdom of Great Britain and Ireland?! George Augustus Frederick?! Prince Regent	monarch	http://viaf.org/viaf/265481029
George	George		
Gibbon_Edward	Edward Gibbon?! Gibbon Edward?! Member of Parliament	literary?! historian?! politician	http://viaf.org/viaf/24601933
Gifford_William	William Gifford?! Gifford William	literary?! editor?! politics	http://viaf.org/viaf/12297538
Gillies_Rob	Gillies Robert Pearse		
Godwin_Wm	William Godwin?! William Godwin	literary?! philosopher?! journalist?! novelist	http://viaf.org/viaf/68929729
Goldsmith	Oliver Goldsmith	literary?! physician	http://viaf.org/viaf/100167171
Goodchild_J	Goodchild Joseph	farmer at Hill house farm, Three Mile Cross	
Graham_Maria	Maria, Lady Callcott Callcott Graham Dundas Maria		http://viaf.org/viaf/41970133/
Gray_Thos	Thomas Gray	literary	http://viaf.org/viaf/9889965
Griffin_Rich	Richard Griffin?! 2nd Baron Braybrooke?! Lord Braybrooke	politician?! literary	http://viaf.org/viaf/39732003
Groby	Lord Grey of Groby?! Grey Stamford Thomas?! Lord Grey of Groby Earl of Stamford	military?! politician	http://viaf.org/viaf/60510358
Guiccioli_T	Teresa Guiccioli?! Guiccioli Teresa Contessa	literary?! biographer	http://viaf.org/viaf/44293835
Gutch_John	John Gutch	clergyman?! antiquarian?! literary	http://viaf.org/viaf/79251745
Halford_SrHen	Sir Henry St John Halford?! Halford Henry St John Sir baronet?! Vaughn Henry		http://viaf.org/viaf/22892749
Hamilton_S	Hamilton Samuel?! 	publisher?! editor	http://viaf.org/viaf/4584459
Handel	George Frideric Handel?! George Frederick Handel?! Georg Friedrich Händel	musician?! composer	http://viaf.org/viaf/5126950
Hanson_John	John Hanson		
Hanson_MA	Mary Anne Hanson Portsmouth?! Lady Portsmouth?! Countess of Portsmouth		
Harness_Mary	Mary Harness?! Harness Mary		
Harris_Henry	Henry Harris		
Harrison_hist	Thomas Harrison?! Thomas Harrison	military?! politician?! legal	http://viaf.org/viaf/69724297
Hassall_Joan	Hassall Joan?! Order of the British Empire Master of the Art Workers Guild	illustrator?! wood engraver?! artist	http://viaf.org/viaf/32139090
Hatch_John	Hatch John		
Havard_Wm	Havard, William William Havard	literary?! poet?! playwright?! actor	
Hawley_GeneralSr	General Hawley		
Hawley_Mr	Mr. Hawley		
Hawthorne_N	Nathaniel Hawthorne?! Nathaniel Hawthorne	literary?! novelist?! essayist	http://viaf.org/viaf/44435463
Haydn	Franz Joseph Hadyn?! Joseph Haydn	musician?! composer	http://viaf.org/viaf/95146280
Haydon	Haydon Benjamin Robert		
Haydon_Father	Benjamin Robert Haydon Haydon Robert Benjamin		
Haydon_Mother	Mrs. Sarah Haydon Cobley Haydon Sarah		
Haydon_Mrs	Mary Hyman?! Mary Haydon?! Haydon Hyman Cawse Mrs. Haydon Mary		
Hazlitt_Wm	William Hazlitt?! Hazlitt William	literary?! essayist?! biographer?! artist?! painter	http://viaf.org/viaf/87145187
Hearne_Thos	Thomas Hearne?! Thomas Hearn	antiquarian?! literary	http://viaf.org/viaf/29543710
Heath_C	Heath Charles Theodosius		
Heath_J	Heath James		
Heber_Rich	Richard Heber Heber Richard?! Member of Parliament for Oxford University	literary?! political	http://viaf.org/viaf/5314321
Hemans_Felicia	Felicia Hemans?! Hemans Browne Felicia	literary?! poet?! playwright	http://viaf.org/viaf/17397168
Henry_V	Henry V?! Harry?! Henry Plantagenet?! King of England and of France and Lord of Ireland	monarch	http://viaf.org/viaf/284333410
HenryVI	Henry VI?! King of England and of France and Lord of Ireland King of England, Heir and Regent of France and Lord of Ireland		http://viaf.org/viaf/96926832
Hervey_Wm	Frederick William Hervey?! Lord Hervey?! 5th Earl of Bristol?! Marquess of Bristol	military?! politics?! philanthrophist?! scientist	
Hessey_J	Hessey James Augustus?! J. A. Hessey		
Hill_Charles	Hill Charles	schoolmaster	
Hill_Lucy	Hill Sweatser Lucy	servant	
Hobbes	Thomas Hobbes	literary?! philosopher	http://viaf.org/viaf/59083895
Hobhouse_JC	John Cam Hobhouse?! John Cam Hobhouse?! 1st Baron Broughton	politician	http://viaf.org/viaf/56611273
Hofland_B	Hofland Wreaks Barbara	literary	
Hofland_TC	Thomas Christopher Hofland?! Hofland Thomas Christopher	artist	
Hogarth	William Hogarth?! Hogarth William	artist	http://viaf.org/viaf/17268409
Hogg_J	Hogg James?! the Ettrick Shepherd		
Holcroft_Thos	Thomas Holcroft?! Thomas Holcroft	literary?! playwright?! novelist?! journalist	http://viaf.org/viaf/56644486
Holden_Henry	Dr. Holden?! Holden Henry	theologian	
Holford_Marg_younger	Margaret Holford Hodgson?! Miss Holford?! Margaret Hodgson	literary	http://viaf.org/viaf/42187522
Holton_Paul	Holton Paul	wine and spirits merchant at Wokingham	
Homer	Homer		http://viaf.org/viaf/101739509
Hood_Thos	Thomas Hood?! Hood Thomas	literary	
Horace	Horace?! Quintus Horatius Flaccus	"poet">?! "memoirist">?! "theorist">	
Howard_John	John Howard	philanthrophist?! reformer	http://viaf.org/viaf/61639520
Howard_SirRob	Robert Sir Robert Howard Howard	playwright?! politician	http://viaf.org/viaf/117377
Howard_Tho	Thomas Howard?! Thomas Howard fourth duke of Norfolk	nobility	
HowardBrenton	Howard Brenton?! Howard Brenton	playwright	
HughPeters	Hugh Peters?! Hugh Peters	minister?! chaplain	
Hugo_Victor	Hugo Victor	literary	
hume	David Hume?! David Hume	philosopher?! "philosopher">?! "historian">?! "librarian">	http://viaf.org/viaf/49226972/
Hume_Jos	Joseph Hume?! Hume Joseph	government	
Hunt	James Henry Leigh Hunt?! Leigh Hunt	literary	http://viaf.org/viaf/54166412
Hunt_Robert	Robert Hunt	literary	
Ingoldsby	Sir Richard Ingoldsby Richard, Lord Ingoldsby Richard Ingoldsby	warrior?! Regicide?! politician	
Ireton_hist	Henry Ireton?! Henry Ireton	jurist?! lawyer?! warrior	
Irving_Wash	Washington Irving?! Geoffrey Crayon	literary?! diplomat	http://viaf.org/viaf/295999941
Jackson_Mr	Mr. Jackson?! Jackson Mr.	medical?! surgeon	
James_Emily	James Emily	education	
James_Miss	Miss James?! Elizabeth Mary James?! Elizabeth Mary James		
James_Mrs	Haycock James Susan Susannah?! Mrs. James		
James_oldPretender	James Francis Edward Stuart?! Prince of Wales?! the Pretender?! the old Pretender		http://viaf.org/viaf/2446184
James_Susan	Susan James?! James Susan Susy Deane		
JamesI	James I	monarch	
JamesII	James II King of England and Ireland?! James VII King of Scotland	monarch	
Jerrold_Doug	Jerrold Douglas William	literary	
Jesus	Jesus		
John_Apostle	John the Apostle?! John the Evangelist?! Saint John		
Johnson	Johnson, Samuel Samuel Johnson	literary	
Johnson_Miss	Johnson?! Miss Johnson		
Johnson_Mr	Johnson John?! John Johnson, esq.?! Mr. Johnson?! the Junius of Marlow?! Timothy Trueman		
Johnson_Mrs	Johnson		
Johnstone_CI	Johnstone M'Leish Todd Christian Isobel?! Dods Margaret?! Aunt Jane	literary	
Johnstone_Jack	Johnstone John Jack	actor	
Jones_Thomas	Jones Thomas	saddler at Three Mile Cross	
Jonson_B	Ben Jonson?! Benjamin Jonson		
Jordan_Dorothea	Jordan Dorothea	actor	
Julius_Caesar	Gaius Julius Caesar		
Junius	Lucius Junius Brutus?! Junius?! Consul of the Roman Republic	politician?! literary	http://viaf.org/viaf/296192012
Kean_Edmund	Kean Edmund	actor	
Keats	Keats John	literary	
Keep_Harriet	Keep Harriet	servant	
Keep_William	Keep? William	bootmaker	
Kemble_C	Kemble Charles		
Kemble_Frances	Frances Anne Kemble?! Kemble Frances Anne Fanny?! Fanny Kemble	actor?! literary	
Kemble_JP	John Phillip Kemble?! Kemble John Phillip	actor	
Kemble_MrsC	Maria Therese de Camp Kemble?! Kemble de Camp Maria Therese?! Mrs. Charles Kemble?! Miss deCamp	actor?! literary	
Kettle_Dr	Ralph Kettle?! Dr. Ralph Kettle?! Head of Trinity College	clergy?! educator	
King_Wm	William King?! Dr. William King?! William King, LL.D., Principal of St. Mary’s Hall, Oxford	academic?! literary?! orator	http://viaf.org/viaf/20543801
Kirby_Benjamin	Kirby Benjamin?! Ben		
Kirby_Joseph	Kirby Joseph		
Knowles_Sheridan	James Sheridan Knowles?! Knowles James Sheridan	actor?! literary	
Kotzebue	August von Kotzebue?! von Kotzebue August	literary	
Lady_Fairfax_hist	, Anne, Lady Fairfax?! Anne Vere Fairfax	politician?! prisoner of war	
Lamb_Caro	Ponsonby Lamb Caroline Lady	literary	
Lamb_Chas	Lamb Charles		
Lamb_Mary	Mary Lamb?! Lamb Mary	author	
Landon_LE	Landon Maclean Laetitia Elizabeth	literary	
Lane_Wm	William Lane Lane William	publisher	
Lavater_Johann	Johann Kaspar Lavater?! Lavater Johann Kaspar	author	
LeCamus_Antoine	Antoine Le Camus	literary?! medical	http://viaf.org/viaf/66776769
Lediard_John	Lediard John	servant	
Lee_Nath	Nathaniel Lee	literary?! playwright	http://viaf.org/viaf/66475782
Lewington_Mr	Lewington?! >Mr. Lewington		
Lewis_William_Thomas	William Thomas Lewis?! Lewis William Thomas	actor	
Leyden_John	John Leyden	linguist?! physician?! poet	http://viaf.org/viaf/54362232
Liston_John	Liston John	actor	
Liston_SarahT	Liston Tyrer Sarah?! Sarah Liston?! Mrs. John Liston?! Miss Tyrer?! Sarah Tyrer		
Lock_Mr	Mr. Lock?! Lock Edward?! Mr. Lock		
Lockhart_JG	Lockhart John Gibson?! John Gibson Lockhart	journalist?! editor?! literary	
Lorrain_Cl	Claude Lorrain?! Claude Gellée, dit le Lorrain	artist	http://viaf.org/viaf/54156251
Lucetti	Lucetti		
Macartney_Geo	Sir George Macartney?! Macartney George	diplomat?! colonial governor	
Macpherson_J	James Macpherson?! Seumas MacMhuirich?! Seumas Mac a’ Phearsain	literary?! politican	http://viaf.org/viaf/100201047
Macready_Laetitia	Laetitia Macready?! Macready Laetitia		http://viaf.org/viaf/90499055
Macready_Wm	Macready William	actor	
Magnay_C	Christopher Magnay?! Lord Mayor of London	merchant?! government	
Mahomet	Mahomet		
Malthus_Thomas	Malthus Thomas?! Malthus Thomas Robert		http://viaf.org/viaf/71154/
Malton_Mr	Malton?! Mr. Malton	solicitor	
Margaret_Anjou	Margaret of Anjou?! Margaret Marguerite de Anjou Queen Consort of England	Queen	
Mariam_Tecla	Tecla Mariam or Haseb Nanya?! Mariam		
Marie_Antoinette	Maria Antonia Josepha Johanna?! Marie Antoinette?! Queen of France?! Archduchess Maria Antonia of Austria?! Dauphine of France?! Queen consort of France and Navarre?! Queen consort of the French		http://viaf.org/viaf/96583693
Marlowe_Chris	Marlowe Christopher	literary	
Marriott_John	John Marriott?! Rev. John Marriott, A.M.	clergy	
Marriott_Mr	Mr. Marriott		
Marsh_Henry	Marsh Henry		
Marsham_Robt	Marsham Robert		
Martin_Lucy	Martin Lucy	beer retailer	
MaryII	Mary II Sovereign of England, Scotland, and Ireland	monarch	
MaryQoS	Queen Mary?! Mary Stuart		
Massinger_Phil	Massinger Philip	literary	
Mast_pet	Mast		
Master_Betty	William Henry West Betty?! Master Betty	actor	
Matthews_George	Matthews George	schoolmaster	
Maturin_Charles	Charles Maturin	clergy?! literary	http://viaf.org/viaf/100248595
Maurice_Mr	Mr. Maurice		
May_J	James May		
May_William	May William		
McLeod_John	John McLeod?! McLeod/MacLeod John	naval surgeon?! author	
Melville	Herman Melville?! Melville Herman	literary?! novelist?! poet?! educator?! sailor?! administrator	
Merry_William	Merry William Esquire		
Michael_Ras	Ras Michael		
Michelangelo	Michelangelo?! Michelangelo di Lodovico Buonarroti Simoni?! Simoni Michelangelo di Lodovico Buonarroti	artist	
Millington	Gilbert Millington?! Gilbert Myllington?! Gilbert Millington Member of Parliament for Nottingham		
Milman_HH	Henry Hart Milman		
Milner_John	John Milner		
Milton	Milton, John John Milton	literary	
Miranda_pet	Miranda		
Mitford_Geo	George Mitford Esq.?! George Midford	surgeon?! medical?! magistrate?! legal	
Moliere	Molière?! Poquelin Jean-Baptiste	theater?! playwright?! actor	
Molly_pet	Molly		
Monck_JB	John Berkeley Monck		
Monck_Mrs	Mary Stephens Monck?! Mrs. Monck		
Montagu	Sir Edward Montagu, Earl of Sandwich?! Edward Montagu	politician?! warrior?! naval officer?! Earl of Sandwich	
Montague_Captain	Montague	naval officer	
Montague_MW	Mary Wortley Pierrepont Montague?! Lady Mary Wortley Montague	literary	http://viaf.org/viaf/7394587
Moore_DrJ	Moore John M.D.	literary?! physician	
Moore_Thos	Thomas Moore	literary	http://viaf.org/viaf/24616222
More_Hannah	Hannah More?! More Hannah	literary?! playwright?! novelist?! philanthropist?! educator	http://viaf.org/viaf/51802053
Morpeth_GH	George Howard?! Viscount Morpeth?! 6th Earl of Carlisle (third creation)?! Lord Privy Seal under George IV and Canning?! Lord Privy Seal under William IV and Melbourne		http://viaf.org/viaf/67996986
Morton_Thos	Morton Thomas		
Mossy_pet	Mossy		
Mozart	Johannes Chrysostomus Wolfgangus Theophilus Mozart?! Wolfgang Amadeus Mozart	musician?! composer	http://viaf.org/viaf/32197206
MRM	Mitford Mary Russell	literary?! gardener?! playwright	http://viaf.org/viaf/19709107
MRM_maledog_pet			
Mrs_Hall	Hall		
Mudie_Rob	Robert Mudie		
Munden_Joseph_Shepherd	Joseph Shepherd Munden?! Munden Joseph Shepherd	actor	
Murray_John	John Murray II		http://viaf.org/viaf/88737799
Napoleon	Bonaparte Napoleon		http://viaf.org/viaf/106964661
Nelson	Horatio Nelson?! Nelson Horatio Admiral 1st Viscount Nelson 1st Duke of Bronté Royal Navy		http://viaf.org/viaf/76324981/
Newberry_J	Jacob Newberry	solicitor	
Newman_but	Newman	butler?! service	
Nicholls_John	John Nicholls		
Nicholson_Jeremiah	Nicholson Jeremiah	clergy	
Nicholson_Mrs	Nicholson unknown	vicar’s wife?! clergy	
Nooth_C	Nooth Charlotte		http://viaf.org/viaf/72121073
Northmore_Thos	Northmore Thomas	Politician?! Geologist?! Writer	
Nott_GeorgeFr	Nott George Frederick		
OHara_Kane	O’Hara Kane	playwright?! musician	
OKeefe	O’Keefe O’Keeffe John	literary?! actor	
ONeill_Eliz	O’Neill Elizabeth	actor	
Orger_MA	Mary Ann Orger?! Orger Ivers Mary Ann	actor	
Otway_Thos	Otway Thomas	literary	
Ovid	Publius Ovidius Naso?! Ovid	literary?! poet?! orator	http://viaf.org/viaf/88342447
Owenson_S	Sydney Owenson?! Lady Morgan	literary	http://viaf.org/viaf/107533016
Palmer_CF	Charles Fyshe Palmer?! Palmer Charles Fyshe?! Long Fyshe	politician	
Palmer_Mad	Madelina Gordon Sinclair Palmer?! Palmer Sinclair Gordon Madelina Madalina the Lady?! Lady M.P.?! Lady Mad.?! Lady Madelina Palmer		
Palmerston_HJT	HenryJohn Temple Palmerston?! Viscount Henry John Temple Palmerston?! Prime Minister of the United Kingdom		http://viaf.org/viaf/51698419
Parfitt_Jos	Joseph Parfitt		
Parfitt_Sarah	Sarah Parfitt		
Patmore_PG	Peter George Patmore	literary?! essayist?! editor?! biographer	http://viaf.org/viaf/57356529
Patty	Patty More research needed.		
Payn_Mr	Payn?! Mr. Payn		
Peacock_TL	Thomas Love Peacock	literary?! East India company official	#http://viaf.org/viaf/17239611
Peel_Rbt	Robert Peel?! Robert Peel?! Sir Robert Peel?! Prime Minister of the United Kingdom	politician	http://viaf.org/viaf/64803600
PembrokeI	William Herbert?! 1st Earl of Pembroke, tenth creation?! 1st Baron Herbert of Cardiff	military?! courtier	
Percy_Thos	Thomas Percy?! chaplain to George III?! Dean of Carlisle Cathedral?! Bishop of Dromore	clergy?! literary?! antiquarian	http://viaf.org/viaf/68971787
Petrarch	Petrarca Francesco?! Petrarch	literary?! scholar	
Philips_Mr	Mr. Philips	miller	
Phillips_Chas	Charles Phillips	literary?! barrister?! judge	
Pitt_Chris	Christopher Pitt	literary	http://viaf.org/viaf/56965872
Pitt_Geo	George Pitt?! 2nd Baron Rivers?! Member of Parliament		
PittWm_younger	William Pitt?! The Honourable William Pitt?! William Pitt the younger?! Prime Minister of the United Kingdom?! Prime Minister of Great Britain?! Chancellor of the Exchequer		http://viaf.org/viaf/72190413
Pius7_Pope	Pope Pius VII?! Chiaramonti Barnaba Niccolò Maria Luigi	religion	
Pliny_Elder	Pliny the elder		http://viaf.org/viaf/100219162
Plumer_Thos	Thomas Plumer?! Sir Thomas Plumer?! Vice Chancellor of England?! Master of the Rolls	legal?! judge?! politician	http://viaf.org/viaf/77800408
Plutarch	Plutarch	philosopher?! literary?! essayist?! biographer	
Poole_J	Poole John	literary?! playwright	
Pope_Alex	Pope Alexander	literary	
Pope_Jane	Pope Jane	actor	
Porter_AM	L’Allegra?! Anna Maria Porter?! Porter Anna Maria		http://viaf.org/viaf/39730902/
Portsmouth_JCW	John Charles Walopp Portsmouth?! 3rd Earl of Portsmouth?! Lord Portsmouth?! Viscount Lymington		http://viaf.org/viaf/315626747
postman_TMC	The Three Mile Cross postman (in 1821)		
Potter_R	Robert Potter?! Potter Robert Rev. Potter Rev. Robert Potter	literary?! clergy	
Praed_Winthrop	Praed Winthrop	literary?! government	
Price_Stephen	Price Stephen	theater manager	
Princess_E_hist	Elizabeth Stuart?! Elizabeth Stuart	princess?! prisoner of war	
Procter_BW	Bryan Waller Procter?! Barry Cornwall	literary?! poet?! playwright?! biographer	http://viaf.org/viaf/27855302
Pulci	Luigi Pulci	literary?! diplomat	http://viaf.org/viaf/71453100
Quayle_Mr	Mr. Quayle?! Mr. Quale		
Queen_Anne	Queen Anne		http://viaf.org/viaf/805714
Queen_Caroline	Caroline Queen Consort of the United Kingdom?! Caroline of Brunswick?! Caroline Amelia Elizabeth of Brunswick-Wolfenbüttel?! Princess of Wales		http://viaf.org/viaf/264655824
Racine	Racine Jean-Baptiste	literary?! playwright	http://viaf.org/viaf/88809641
Radcliffe_Ann	Radcliffe Ward Ann	literary	http://viaf.org/viaf/64010774
Raleigh_Wal	Walter Raleigh?! Sir Walter Raleigh	literary?! political?! military?! courtier	http://viaf.org/viaf/107533796
Raphael	Raphael?! Raffaello Sanzio da Urbino		
Rapley_John1	Rapley John Jack		
Rapley_John2	Rapley John		
Reeve_Mrs	Reeve?! Mrs. Reeve		
Rembrandt	Rembrandt?! van Rijn Harmenszoon Rembrandt	artist?! painter?! printmaker	http://viaf.org/viaf/64013650/
Reynolds_JH	John Hamilton Reynolds	literary	http://viaf.org/viaf/79365644
RichardI	Richard I King of England Duke of Normandy Duke of Aquitaine Count of Anjou		
RichardII	Richard the 2nd?! Richard II?! King of England?! Lord of Ireland?! Duke of Aquitaine		http://viaf.org/viaf/262479505
RichardIII	Richard III King of England?! Richard of Gloucester		
Richardson_H	Henry Kemp Richardson		
Richardson_Sam	Samuel Richardson	literary?! printer	http://viaf.org/viaf/41845728
Rienzo_hist	Cola di Rienzo Tribune of Rome	scholar?! politics	
Ritchie_AnneT	Ritchie Thackeray Anne Isabella?! Lady Ritchie	literary?! novelist?! editor?! biographer	http://viaf.org/viaf/59122454
Rivers_Lord	William Horace Pitt-Rivers?! 3rd Baron Rivers, fourth creation?! Horace Beckford	aristocrat?! gambler	
Robertson_William	William Robertson?! William Robertson?! Fellow of the Royal Society of Edinburgh Fellow of the Society of Antiquaries of Scotland Doctor of Divinity minister of the Church of Scotland King’s Chaplain Chaplain of Stirling Castle Principal of the University of Edinburgh	literary?! historian?! antiquarian?! clergy?! educator	http://viaf.org/viaf/59177542
Robins_Geo	Robins George Henry	auctioneer?! theatre patron	
Robinson_H	Robinson Henry Crabb		
Rogers_Sam	Samuel Rogers	literary	http://viaf.org/viaf/34584260
Rousseau	Jean-Jacques Rousseau Jean-Jacques Rousseau	literary?! political?! educator	 http://viaf.org/viaf/10018405
Rowden_Fr	Fanny Rowden?! Mrs. Rowden?! Rowden St. Quentin Frances Arabella	educator	http://viaf.org/viaf/57349006
Roworth_Mary	Mary Valpy Roworth?! Miss Valpy?! Valpy Roworth Mary Ann Catherine		
Rubens	Peter Paul Rubens Sir	artist?! painter?! printmaker?! courtier?! diplomat	http://viaf.org/viaf/56647196
Russell_Lady	Rachel Wriothesley Russell?! Rachel Wriothesley, Lady Russell		http://viaf.org/viaf/822823
Russell_M	Mitford Russell Mary?! Mrs. Mitford		http://viaf.org/viaf/19709107
Russell_MaryDicker	Russell Dicker Mary?! Mrs. Russell		
Russell_Richard	Russell Richard Reverend Dr.?! Rev. Dr. Richard Russell	clergy	
Rutt_John	John Towill Rutt?! Rutt John Towill	politician?! literary	http://viaf.org/viaf/25384099
Sackville_Chas	Charles Sackville?! 6th Earl of Dorset?! 1st Earl of Middlesex		http://viaf.org/viaf/210233935
Salisbury_hist	William Cecil, Lord Salisbury?! William Cecil	politician	
Say_hist	William Say?! William Say	politician?! Minister of Parliament for Camelford	
Schiller_F	Johann Christoph Friedrich von Schiller?! von Schiller Johann Christoph Friedrich	literary	
Scott_John	John Scott?! John Scott	literary?! editor	
Scott_John_LdEldon	John Scott?! 1st Earl of Eldon?! Lord Chancellor of Great Britain	politician?! legal	http://viaf.org/viaf/20543801
Scott_Wal	Scott, Walter Walter Scott	literary?! government	
Sedgwick_Cath	Catherine Maria Sedgwick		
Selim_pet	Selim		
Serle_TJ	Thomas James Serle	actor?! theatre manager?! literary	
Sevigne_Mad	Marie de Rabutin-Chantal de Sévigné?! Marquise de Sévigné?! Madame Sévigné	literary	http://viaf.org/viaf/32002865
Seward_Martha	Martha Seward		
Sforza_hist	Sforza		
Shakespeare	Shakespeare William	literary	
Sheffield_John	John Sheffield?! 1st Duke of Buckingham and Normanby?! Lord Mulgrave		http://viaf.org/viaf/7818454
Shelley_MW	Mary Wollstonecraft Godwin Shelley		
Shelley_PB	Percy Bysshe Shelley?! Shelley Percy Bysshe		
Shepherd_HJ	Henry John Shepherd Member of Parliament for Shaftesbury	legal?! politician	http://viaf.org/viaf/41401709
Sheridan_RichardB	Sheridan Richard Brinsley	literary	
Sherwood_Mr	Sherwood Thomas	doctor	
Siddons_Sarah	Kemble Siddons Sarah	actor	
Sinclair_SrJohn	Sir John Sinclair?! Sinclair John Sir baronet		
Skerrett_Marianne	Skerrett Marianne		
Sloman_Mrs	Sloman	actor	
Smith_Ad	Adam Smith?! Head of Moral Philosophy, the University of Glasgow?! Doctor of Laws (LL.D.)?! Lord Rector of the University of Glasgow		http://viaf.org/viaf/49231791
Smith_Horace	Horace Smith?! Smith Horace?! Smith Horatio		
Smollett_Tob	Smollett, Tobias Tobias George Smollett	literary?! medical	
Soane_G	George Soane		
Soane_Geo	George Soane?! G. Soane, A.B.	literary	http://viaf.org/viaf/315673958
Sophocles	Sophocles		
Southey_R	Robert Southey?! Poet Laureate of England	literary?! poet?! historian?! biographer?! essayist	http://viaf.org/viaf/61576896
Spence_Jos	Joseph Spence	clergy?! literary?! garden designer	http://viaf.org/viaf/56625623
Spenser_Edmund	Edmund Spenser?! Edmund Spenser	literary	http://viaf.org/viaf/100170015
Staunton_Geo	Sir George Staunton?! Staunton George	physician?! diplomat	
Steele_Richard	Sir Richard Steele?! Steele Richard	essayist?! playwright?! politician	
Strafford	Thomas Wentworth, Earl of Strafford?! Thomas Wentworth	politician	
Strong_Elizabeth	Strong Elizabeth	baker	
Strong_George	Strong George	bricklayer?! beer retailer	
Sunderland_Countess	Dorothy Sidney Spencer Smythe?! Countess of Sunderland?! Sacharissa		http://viaf.org/viaf/67997458
Swan_Mr	Mr. Swan		
Swift_J	Jonathan Swift?! Dean of St Patrick’s Cathedral, Dublin?! Dean Swift?! Lemuel Gulliver?! Isaac Bickerstaff?! M.B. Drapier	literary?! clergy	http://viaf.org/viaf/14777110
Talbot_Geo	George Talbot the Sixth Earl of Shrewsbury		
Talfourd_Mrs	Rachael Rutt Talfourd?! Talfourd Rutt Rachel?! Mrs. Thomas Talfourd		
Talfourd_Thos	Thomas Noon Talfourd?! Talfourd Thomas Noon	legal?! barrister?! pleader?! jurist?! literary?! journalist?! playwright	http://viaf.org/viaf/61904095
Talma_Francois	Francois Joseph Talma?! Talma Francois Joseph	dentist?! actor	
Tasso	Tasso Torquato	literary?! poet?! courtier	http://viaf.org/viaf/4936996/
Taylor_J	John Taylor		
Taylor_Jer	Jeremy Taylor	clergy?! literary	http://viaf.org/viaf/329566831
Taylor_JH	Taylor James Henry	clergy	
Taylor_John	John Taylor		
Taylor_K	Taylor Kerenhappuch?! K.		
Thackeray_TJ	Thomas James (T.J.) Thackeray	musician	
Thelwall_John	Thelwall John	literary?! journalism?! education	
Thomson_Hugh	Thomson Hugh	illustrator?! artist	http://viaf.org/viaf/67819160
Tichburne_hist	Robert Tichborne?! Robert Tichborne	warrior?! Mayor of London	
Tierney_SrMat	Sir Matthew Tierney?! Tierney Matthew John Sir baronet		
Tindal_Mrs_Acton	Tindal Harrison Henrietta Euphemia?! Butler Diana		
Titian	Tiziano Vecelli?! Tiziano Vecellio?! Titian	artist	http://viaf.org/viaf/109266837
Tobin_John	Tobin John		
Traill_James	James Traill		
Trollope_Fr	Trollope Milton Frances	literary?! essayist?! novelist	http://viaf.org/viaf/34551336
Tubb_Daniel	Tubb Daniel Individual identified in the Shinfield parish register by Francis Needham whose name may have been used by Mitfordfor several Our Village characters, including "Dr. Tubb" . Source: Francis Needham, letter to William Roberts, 16 January 1954, NeedhamPapers, Reading Central Library.		
Tully_Miss	Tully?! Miss Tully	literary	
Valpy_Catherine	Valpy French Catherine Elizabeth Blanch		
Valpy_John	Valpy Abraham John?! Abraham John Valpy	literary?! printer?! publisher	http://viaf.org/viaf/13082604
Valpy_Miss	Valpy		
Valpy_Penelope	Valpy French Penelope Arabella?! Penelope Arabella Valpy?! Penelope Valpy French		
Valpy_Richard	Valpy Richard Doctor of Divinity (DD) Fellow of the Society of Antiquaries (FSA)?! Dr. Valpy	educator?! literary?! clergy	http://viaf.org/viaf/50434313
Vanbrugh	Sir John Vanbrugh?! Vanbrugh John	playwright?! architect	
Vane_hist	Henry Vane?! Henry Vane	politician?! Governor of the Massachusetts Bay Colony	
Vestris_L	Lucia Elizabeth Vestris?! Vestris Lucia Elizabeth		https://viaf.org/viaf/6093005
Victoria_Queen	Victoria Queen of the United Kingdom Empress of India?! Alexandrina Victoria Hanover	monarch	
Villiers_Geo	George Villiers?! 2nd Duke of Buckingham?! 20th Baron de Ros of Helmsley	poet?! politician	http://viaf.org/viaf/41858327
Vines_Mr	Mr. Vines		
Virgil	Publius Vergilius Maro?! Virgil	literary	http://viaf.org/viaf/8194433
Voltaire	Voltaire François-Marie Arouet		
Wakefield_D	Wakefield Daniel	barrister	
Walker_CE	Charles Edward Walker	literary?! playwright	http://viaf.org/viaf/118236637
Walker_John	John Walker	scientist	http://viaf.org/viaf/13719124
Walker_P	Walker Peter		
Wallace_William	William Wallace?! Wallace William		
Wallack_Mr	Wallack		
Waller_Edmund	Edmund Waller	poet?! politician	http://viaf.org/viaf/47109686
Walpole_Hor	Horace Walpole?! 4th Earl of Orford (second creation)?! Member of Parliament for Callington?! Member of Parliament for Castle Rising?! Member of Parliament for King’s Lynn	literary?! antiquarian?! politician	http://viaf.org/viaf/17231985
Walton_I	Izaak Walton		http://viaf.org/viaf/73863052
Warde_Mr	Prescott James Warde?! James Prescott Warde?! Mr. Warde	actor	
Warry_Jos2	Warry Joseph	bootmaker?! shoemaker	
Washington_Geo	George Washington?! General Washington?! President of the United States of America	military?! politician	http://viaf.org/viaf/31432428
Watteau_Wil	Watteau, Jean-Antoine Jean-Antoine Watteau	artist	
Webb_Eliza	Webb Eliza Elizabeth		
Webb_James	Webb James	brewer at Wokingham	
Webb_Jane	Webb Jane Eleanor?! Jane Eleanor Webb		
Webb_John	John Webb		
Webb_Mary_elder	Webb Mary		
Webb_Mary_younger	Webb Mary Elizabeth?! Mary Elizabeth Webb		
Webster_John	Webster John		
Wellington_Duke	Wellesley Arthur Field Marshal First Duke of Wellington?! The Iron Duke		
Weyland_John	Weyland John?! Mr. Weyland		
Whateley_Elijah	Whateley Elijah	wheelwright?! carpenter	
Wheeler_Kate	Kate Wheeler?! Miss Wheeler		
WhiteGilbert	Gilbert White	Curate, writer, naturalist, botanist	
whitekitten_WEpet	White kitten?! Selima?! Grizzy		
Whittaker_Geo	Whittaker George Byrom	literary?! publisher?! editor?! bookseller	http://viaf.org/viaf/66790637
Whittaker_WB	Whittaker William Budd	literary?! publisher?! editor	
Wilkie_Wil	Wilkie, William William Wilkie	literary?! farmer?! clergy	
WilliamIII	William III King of England and Ireland?! William II King of Scotland?! Stadtholder Willem III van Oranje?! William of Orange?! King Billy	monarch	
WilliamIV	William IV King of the United Kingdom of Great Britain and Ireland, and King of Hanover William Hanover	monarch	
Willis_David	Willis David		
Willis_John	Willis John	blacksmith	
Willis_NP	Nathaniel Parker Willis?! Willis Nathaniel Parker	literary?! journalist?! editor?! poet?! publisher?! lecturer	http://viaf.org/viaf/189826
Willis_Thomas	Willis Thomas	blacksmith	
Wilmot_John	John Wilmot?! 2nd Earl of Rochester		http://viaf.org/viaf/34465786
Wilson_John	John Wilson?! John Wilson of Elleray, FRSE?! Professor of Moral Philosophy, University of Edinburgh?! Christopher North		http://viaf.org/viaf/47566585
Wilson_RT	Sir Robert Thomas Wilson?! Wilson Thomas Robert Sir	military?! government	
WindsorEE_ed	Windsor "paper man"		
Wordsworth_Dor	Dorothy Wordsworth		
Wordsworth_Wm	Wordsworth William	literary	
Young_CM	Charles Mayne Young?! Young Mayne Charles	actor	
Young_Ed	Edward Young	literary?! clergy	http://viaf.org/viaf/49252592
Young_Mr	Young?! Mr. Young	doctor?! medical	